economy;A_near;A_far;B_near;B_far;D_near;D_far;C_near;C_far
1;0001;0002;0003;0004;0005;0006;0007;0008
2;0009;0010;0011;0012;0013;0014;0015;0016
3;0017;0018;0019;0020;0021;0022;0023;0024
4;0025;0026;0027;0028;0029;0030;0031;0032
5;0033;0034;0035;0036;0037;0038;0039;0040
6;0041;0042;0043;0044;0045;0046;0047;0048
7;0049;0050;0051;0052;0053;0054;0055;0056
8;0057;0058;0059;0060;0061;0062;0063;0064
9;0065;0066;0067;0068;0069;0070;0071;0072
10;0073;0074;0075;0076;0077;0078;0079;0080
11;0081;0082;0083;0084;0085;0086;0087;0088
12;0089;0090;0091;0092;0093;0094;0095;0096
13;0097;0098;0099;0100;0101;0102;0103;0104
14;0105;0106;0107;0108;0109;0110;0111;0112
15;0113;0114;0115;0116;0117;0118;0119;0120
16;0121;0122;0123;0124;0125;0126;0127;0128
17;0129;0130;0131;0132;0133;0134;0135;0136
18;0137;0138;0139;0140;0141;0142;0143;0144
19;0145;0146;0147;0148;0149;0150;0151;0152
20;0153;0154;0155;0156;0157;0158;0159;0160
21;0161;0162;0163;0164;0165;0166;0167;0168
22;0169;0170;0171;0172;0173;0174;0175;0176
23;0177;0178;0179;0180;0181;0182;0183;0184
24;0185;0186;0187;0188;0189;0190;0191;0192
25;0193;0194;0195;0196;0197;0198;0199;0200
26;0201;0202;0203;0204;0205;0206;0207;0208
27;0209;0210;0211;0212;0213;0214;0215;0216
28;0217;0218;0219;0220;0221;0222;0223;0224
29;0225;0226;0227;0228;0229;0230;0231;0232
30;0233;0234;0235;0236;0237;0238;0239;0240
31;0241;0242;0243;0244;0245;0246;0247;0248
32;0249;0250;0251;0252;0253;0254;0255;0256
33;0257;0258;0259;0260;0261;0262;0263;0264
34;0265;0266;0267;0268;0269;0270;0271;0272
35;0273;0274;0275;0276;0277;0278;0279;0280
36;0281;0282;0283;0284;0285;0286;0287;0288
37;0289;0290;0291;0292;0293;0294;0295;0296
38;0297;0298;0299;0300;0301;0302;0303;0304
39;0305;0306;0307;0308;0309;0310;0311;0312
40;0313;0314;0315;0316;0317;0318;0319;0320
41;0321;0322;0323;0324;0325;0326;0327;0328
42;0329;0330;0331;0332;0333;0334;0335;0336
43;0337;0338;0339;0340;0341;0342;0343;0344
44;0345;0346;0347;0348;0349;0350;0351;0352
45;0353;0354;0355;0356;0357;0358;0359;0360
46;0361;0362;0363;0364;0365;0366;0367;0368
47;0369;0370;0371;0372;0373;0374;0375;0376
48;0377;0378;0379;0380;0381;0382;0383;0384
49;0385;0386;0387;0388;0389;0390;0391;0392
50;0393;0394;0395;0396;0397;0398;0399;0400
51;0401;0402;0403;0404;0405;0406;0407;0408
52;0409;0410;0411;0412;0413;0414;0415;0416
53;0417;0418;0419;0420;0421;0422;0423;0424
54;0425;0426;0427;0428;0429;0430;0431;0432
55;0433;0434;0435;0436;0437;0438;0439;0440
56;0441;0442;0443;0444;0445;0446;0447;0448
57;0449;0450;0451;0452;0453;0454;0455;0456
58;0457;0458;0459;0460;0461;0462;0463;0464
59;0465;0466;0467;0468;0469;0470;0471;0472
60;0473;0474;0475;0476;0477;0478;0479;0480
61;0481;0482;0483;0484;0485;0486;0487;0488
62;0489;0490;0491;0492;0493;0494;0495;0496
63;0497;0498;0499;0500;0501;0502;0503;0504
64;0505;0506;0507;0508;0509;0510;0511;0512
65;0513;0514;0515;0516;0517;0518;0519;0520
66;0521;0522;0523;0524;0525;0526;0527;0528
67;0529;0530;0531;0532;0533;0534;0535;0536
68;0537;0538;0539;0540;0541;0542;0543;0544
69;0545;0546;0547;0548;0549;0550;0551;0552
70;0553;0554;0555;0556;0557;0558;0559;0560
71;0561;0562;0563;0564;0565;0566;0567;0568
72;0569;0570;0571;0572;0573;0574;0575;0576
73;0577;0578;0579;0580;0581;0582;0583;0584
74;0585;0586;0587;0588;0589;0590;0591;0592
75;0593;0594;0595;0596;0597;0598;0599;0600
76;0601;0602;0603;0604;0605;0606;0607;0608
77;0609;0610;0611;0612;0613;0614;0615;0616
78;0617;0618;0619;0620;0621;0622;0623;0624
79;0625;0626;0627;0628;0629;0630;0631;0632
80;0633;0634;0635;0636;0637;0638;0639;0640
81;0641;0642;0643;0644;0645;0646;0647;0648
82;0649;0650;0651;0652;0653;0654;0655;0656
83;0657;0658;0659;0660;0661;0662;0663;0664
84;0665;0666;0667;0668;0669;0670;0671;0672
85;0673;0674;0675;0676;0677;0678;0679;0680
86;0681;0682;0683;0684;0685;0686;0687;0688
87;0689;0690;0691;0692;0693;0694;0695;0696
88;0697;0698;0699;0700;0701;0702;0703;0704
89;0705;0706;0707;0708;0709;0710;0711;0712
90;0713;0714;0715;0716;0717;0718;0719;0720
91;0721;0722;0723;0724;0725;0726;0727;0728
92;0729;0730;0731;0732;0733;0734;0735;0736
93;0737;0738;0739;0740;0741;0742;0743;0744
94;0745;0746;0747;0748;0749;0750;0751;0752
95;0753;0754;0755;0756;0757;0758;0759;0760
96;0761;0762;0763;0764;0765;0766;0767;0768
97;0769;0770;0771;0772;0773;0774;0775;0776
98;0777;0778;0779;0780;0781;0782;0783;0784
99;0785;0786;0787;0788;0789;0790;0791;0792
100;0793;0794;0795;0796;0797;0798;0799;0800
101;0801;0802;0803;0804;0805;0806;0807;0808
102;0809;0810;0811;0812;0813;0814;0815;0816
103;0817;0818;0819;0820;0821;0822;0823;0824
104;0825;0826;0827;0828;0829;0830;0831;0832
105;0833;0834;0835;0836;0837;0838;0839;0840
106;0841;0842;0843;0844;0845;0846;0847;0848
107;0849;0850;0851;0852;0853;0854;0855;0856
108;0857;0858;0859;0860;0861;0862;0863;0864
109;0865;0866;0867;0868;0869;0870;0871;0872
110;0873;0874;0875;0876;0877;0878;0879;0880
111;0881;0882;0883;0884;0885;0886;0887;0888
112;0889;0890;0891;0892;0893;0894;0895;0896
113;0897;0898;0899;0900;0901;0902;0903;0904
114;0905;0906;0907;0908;0909;0910;0911;0912
115;0913;0914;0915;0916;0917;0918;0919;0920
116;0921;0922;0923;0924;0925;0926;0927;0928
117;0929;0930;0931;0932;0933;0934;0935;0936
118;0937;0938;0939;0940;0941;0942;0943;0944
119;0945;0946;0947;0948;0949;0950;0951;0952
120;0953;0954;0955;0956;0957;0958;0959;0960
121;0961;0962;0963;0964;0965;0966;0967;0968
122;0969;0970;0971;0972;0973;0974;0975;0976
123;0977;0978;0979;0980;0981;0982;0983;0984
124;0985;0986;0987;0988;0989;0990;0991;0992
125;0993;0994;0995;0996;0997;0998;0999;1000
126;1001;1002;1003;1004;1005;1006;1007;1008
127;1009;1010;1011;1012;1013;1014;1015;1016
128;1017;1018;1019;1020;1021;1022;1023;1024
129;1025;1026;1027;1028;1029;1030;1031;1032
130;1033;1034;1035;1036;1037;1038;1039;1040
131;1041;1042;1043;1044;1045;1046;1047;1048
132;1049;1050;1051;1052;1053;1054;1055;1056
133;1057;1058;1059;1060;1061;1062;1063;1064
134;1065;1066;1067;1068;1069;1070;1071;1072
135;1073;1074;1075;1076;1077;1078;1079;1080
136;1081;1082;1083;1084;1085;1086;1087;1088
137;1089;1090;1091;1092;1093;1094;1095;1096
138;1097;1098;1099;1100;1101;1102;1103;1104
139;1105;1106;1107;1108;1109;1110;1111;1112
140;1113;1114;1115;1116;1117;1118;1119;1120
141;1121;1122;1123;1124;1125;1126;1127;1128
142;1129;1130;1131;1132;1133;1134;1135;1136
143;1137;1138;1139;1140;1141;1142;1143;1144
144;1145;1146;1147;1148;1149;1150;1151;1152
145;1153;1154;1155;1156;1157;1158;1159;1160
146;1161;1162;1163;1164;1165;1166;1167;1168
147;1169;1170;1171;1172;1173;1174;1175;1176
148;1177;1178;1179;1180;1181;1182;1183;1184
149;1185;1186;1187;1188;1189;1190;1191;1192
150;1193;1194;1195;1196;1197;1198;1199;1200
151;1201;1202;1203;1204;1205;1206;1207;1208
152;1209;1210;1211;1212;1213;1214;1215;1216
153;1217;1218;1219;1220;1221;1222;1223;1224
154;1225;1226;1227;1228;1229;1230;1231;1232
155;1233;1234;1235;1236;1237;1238;1239;1240
156;1241;1242;1243;1244;1245;1246;1247;1248
157;1249;1250;1251;1252;1253;1254;1255;1256
158;1257;1258;1259;1260;1261;1262;1263;1264
159;1265;1266;1267;1268;1269;1270;1271;1272
160;1273;1274;1275;1276;1277;1278;1279;1280
161;1281;1282;1283;1284;1285;1286;1287;1288
162;1289;1290;1291;1292;1293;1294;1295;1296
163;1297;1298;1299;1300;1301;1302;1303;1304
164;1305;1306;1307;1308;1309;1310;1311;1312
165;1313;1314;1315;1316;1317;1318;1319;1320
166;1321;1322;1323;1324;1325;1326;1327;1328
167;1329;1330;1331;1332;1333;1334;1335;1336
168;1337;1338;1339;1340;1341;1342;1343;1344
169;1345;1346;1347;1348;1349;1350;1351;1352
170;1353;1354;1355;1356;1357;1358;1359;1360
171;1361;1362;1363;1364;1365;1366;1367;1368
172;1369;1370;1371;1372;1373;1374;1375;1376
173;1377;1378;1379;1380;1381;1382;1383;1384
174;1385;1386;1387;1388;1389;1390;1391;1392
175;1393;1394;1395;1396;1397;1398;1399;1400
176;1401;1402;1403;1404;1405;1406;1407;1408
177;1409;1410;1411;1412;1413;1414;1415;1416
178;1417;1418;1419;1420;1421;1422;1423;1424
179;1425;1426;1427;1428;1429;1430;1431;1432
180;1433;1434;1435;1436;1437;1438;1439;1440
181;1441;1442;1443;1444;1445;1446;1447;1448
182;1449;1450;1451;1452;1453;1454;1455;1456
183;1457;1458;1459;1460;1461;1462;1463;1464
184;1465;1466;1467;1468;1469;1470;1471;1472
185;1473;1474;1475;1476;1477;1478;1479;1480
186;1481;1482;1483;1484;1485;1486;1487;1488
187;1489;1490;1491;1492;1493;1494;1495;1496
188;1497;1498;1499;1500;1501;1502;1503;1504
189;1505;1506;1507;1508;1509;1510;1511;1512
190;1513;1514;1515;1516;1517;1518;1519;1520
191;1521;1522;1523;1524;1525;1526;1527;1528
192;1529;1530;1531;1532;1533;1534;1535;1536
193;1537;1538;1539;1540;1541;1542;1543;1544
194;1545;1546;1547;1548;1549;1550;1551;1552
195;1553;1554;1555;1556;1557;1558;1559;1560
196;1561;1562;1563;1564;1565;1566;1567;1568
197;1569;1570;1571;1572;1573;1574;1575;1576
198;1577;1578;1579;1580;1581;1582;1583;1584
199;1585;1586;1587;1588;1589;1590;1591;1592
200;1593;1594;1595;1596;1597;1598;1599;1600
201;1601;1602;1603;1604;1605;1606;1607;1608
202;1609;1610;1611;1612;1613;1614;1615;1616
203;1617;1618;1619;1620;1621;1622;1623;1624
204;1625;1626;1627;1628;1629;1630;1631;1632
205;1633;1634;1635;1636;1637;1638;1639;1640
206;1641;1642;1643;1644;1645;1646;1647;1648
207;1649;1650;1651;1652;1653;1654;1655;1656
208;1657;1658;1659;1660;1661;1662;1663;1664
209;1665;1666;1667;1668;1669;1670;1671;1672
210;1673;1674;1675;1676;1677;1678;1679;1680
211;1681;1682;1683;1684;1685;1686;1687;1688
212;1689;1690;1691;1692;1693;1694;1695;1696
213;1697;1698;1699;1700;1701;1702;1703;1704
214;1705;1706;1707;1708;1709;1710;1711;1712
215;1713;1714;1715;1716;1717;1718;1719;1720
216;1721;1722;1723;1724;1725;1726;1727;1728
217;1729;1730;1731;1732;1733;1734;1735;1736
218;1737;1738;1739;1740;1741;1742;1743;1744
219;1745;1746;1747;1748;1749;1750;1751;1752
220;1753;1754;1755;1756;1757;1758;1759;1760
221;1761;1762;1763;1764;1765;1766;1767;1768
222;1769;1770;1771;1772;1773;1774;1775;1776
223;1777;1778;1779;1780;1781;1782;1783;1784
224;1785;1786;1787;1788;1789;1790;1791;1792
225;1793;1794;1795;1796;1797;1798;1799;1800
226;1801;1802;1803;1804;1805;1806;1807;1808
227;1809;1810;1811;1812;1813;1814;1815;1816
228;1817;1818;1819;1820;1821;1822;1823;1824
229;1825;1826;1827;1828;1829;1830;1831;1832
230;1833;1834;1835;1836;1837;1838;1839;1840
231;1841;1842;1843;1844;1845;1846;1847;1848
232;1849;1850;1851;1852;1853;1854;1855;1856
233;1857;1858;1859;1860;1861;1862;1863;1864
234;1865;1866;1867;1868;1869;1870;1871;1872
235;1873;1874;1875;1876;1877;1878;1879;1880
236;1881;1882;1883;1884;1885;1886;1887;1888
237;1889;1890;1891;1892;1893;1894;1895;1896
238;1897;1898;1899;1900;1901;1902;1903;1904
239;1905;1906;1907;1908;1909;1910;1911;1912
240;1913;1914;1915;1916;1917;1918;1919;1920
241;1921;1922;1923;1924;1925;1926;1927;1928
242;1929;1930;1931;1932;1933;1934;1935;1936
243;1937;1938;1939;1940;1941;1942;1943;1944
244;1945;1946;1947;1948;1949;1950;1951;1952
245;1953;1954;1955;1956;1957;1958;1959;1960
246;1961;1962;1963;1964;1965;1966;1967;1968
247;1969;1970;1971;1972;1973;1974;1975;1976
248;1977;1978;1979;1980;1981;1982;1983;1984
249;1985;1986;1987;1988;1989;1990;1991;1992
250;1993;1994;1995;1996;1997;1998;1999;2000
251;2001;2002;2003;2004;2005;2006;2007;2008
252;2009;2010;2011;2012;2013;2014;2015;2016
253;2017;2018;2019;2020;2021;2022;2023;2024
254;2025;2026;2027;2028;2029;2030;2031;2032
255;2033;2034;2035;2036;2037;2038;2039;2040
256;2041;2042;2043;2044;2045;2046;2047;2048
257;2049;2050;2051;2052;2053;2054;2055;2056
258;2057;2058;2059;2060;2061;2062;2063;2064
259;2065;2066;2067;2068;2069;2070;2071;2072
260;2073;2074;2075;2076;2077;2078;2079;2080
261;2081;2082;2083;2084;2085;2086;2087;2088
262;2089;2090;2091;2092;2093;2094;2095;2096
263;2097;2098;2099;2100;2101;2102;2103;2104
264;2105;2106;2107;2108;2109;2110;2111;2112
265;2113;2114;2115;2116;2117;2118;2119;2120
266;2121;2122;2123;2124;2125;2126;2127;2128
267;2129;2130;2131;2132;2133;2134;2135;2136
268;2137;2138;2139;2140;2141;2142;2143;2144
269;2145;2146;2147;2148;2149;2150;2151;2152
270;2153;2154;2155;2156;2157;2158;2159;2160
271;2161;2162;2163;2164;2165;2166;2167;2168
272;2169;2170;2171;2172;2173;2174;2175;2176
273;2177;2178;2179;2180;2181;2182;2183;2184
274;2185;2186;2187;2188;2189;2190;2191;2192
275;2193;2194;2195;2196;2197;2198;2199;2200
276;2201;2202;2203;2204;2205;2206;2207;2208
277;2209;2210;2211;2212;2213;2214;2215;2216
278;2217;2218;2219;2220;2221;2222;2223;2224
279;2225;2226;2227;2228;2229;2230;2231;2232
280;2233;2234;2235;2236;2237;2238;2239;2240
281;2241;2242;2243;2244;2245;2246;2247;2248
282;2249;2250;2251;2252;2253;2254;2255;2256
283;2257;2258;2259;2260;2261;2262;2263;2264
284;2265;2266;2267;2268;2269;2270;2271;2272
285;2273;2274;2275;2276;2277;2278;2279;2280
286;2281;2282;2283;2284;2285;2286;2287;2288
287;2289;2290;2291;2292;2293;2294;2295;2296
288;2297;2298;2299;2300;2301;2302;2303;2304
289;2305;2306;2307;2308;2309;2310;2311;2312
290;2313;2314;2315;2316;2317;2318;2319;2320
291;2321;2322;2323;2324;2325;2326;2327;2328
292;2329;2330;2331;2332;2333;2334;2335;2336
293;2337;2338;2339;2340;2341;2342;2343;2344
294;2345;2346;2347;2348;2349;2350;2351;2352
295;2353;2354;2355;2356;2357;2358;2359;2360
296;2361;2362;2363;2364;2365;2366;2367;2368
297;2369;2370;2371;2372;2373;2374;2375;2376
298;2377;2378;2379;2380;2381;2382;2383;2384
299;2385;2386;2387;2388;2389;2390;2391;2392
300;2393;2394;2395;2396;2397;2398;2399;2400
301;2401;2402;2403;2404;2405;2406;2407;2408
302;2409;2410;2411;2412;2413;2414;2415;2416
303;2417;2418;2419;2420;2421;2422;2423;2424
304;2425;2426;2427;2428;2429;2430;2431;2432
305;2433;2434;2435;2436;2437;2438;2439;2440
306;2441;2442;2443;2444;2445;2446;2447;2448
307;2449;2450;2451;2452;2453;2454;2455;2456
308;2457;2458;2459;2460;2461;2462;2463;2464
309;2465;2466;2467;2468;2469;2470;2471;2472
310;2473;2474;2475;2476;2477;2478;2479;2480
311;2481;2482;2483;2484;2485;2486;2487;2488
312;2489;2490;2491;2492;2493;2494;2495;2496
313;2497;2498;2499;2500;2501;2502;2503;2504
314;2505;2506;2507;2508;2509;2510;2511;2512
315;2513;2514;2515;2516;2517;2518;2519;2520
316;2521;2522;2523;2524;2525;2526;2527;2528
317;2529;2530;2531;2532;2533;2534;2535;2536
318;2537;2538;2539;2540;2541;2542;2543;2544
319;2545;2546;2547;2548;2549;2550;2551;2552
320;2553;2554;2555;2556;2557;2558;2559;2560
321;2561;2562;2563;2564;2565;2566;2567;2568
322;2569;2570;2571;2572;2573;2574;2575;2576
323;2577;2578;2579;2580;2581;2582;2583;2584
324;2585;2586;2587;2588;2589;2590;2591;2592
325;2593;2594;2595;2596;2597;2598;2599;2600
326;2601;2602;2603;2604;2605;2606;2607;2608
327;2609;2610;2611;2612;2613;2614;2615;2616
328;2617;2618;2619;2620;2621;2622;2623;2624
329;2625;2626;2627;2628;2629;2630;2631;2632
330;2633;2634;2635;2636;2637;2638;2639;2640
331;2641;2642;2643;2644;2645;2646;2647;2648
332;2649;2650;2651;2652;2653;2654;2655;2656
333;2657;2658;2659;2660;2661;2662;2663;2664
334;2665;2666;2667;2668;2669;2670;2671;2672
335;2673;2674;2675;2676;2677;2678;2679;2680
336;2681;2682;2683;2684;2685;2686;2687;2688
337;2689;2690;2691;2692;2693;2694;2695;2696
338;2697;2698;2699;2700;2701;2702;2703;2704
339;2705;2706;2707;2708;2709;2710;2711;2712
340;2713;2714;2715;2716;2717;2718;2719;2720
341;2721;2722;2723;2724;2725;2726;2727;2728
342;2729;2730;2731;2732;2733;2734;2735;2736
343;2737;2738;2739;2740;2741;2742;2743;2744
344;2745;2746;2747;2748;2749;2750;2751;2752
345;2753;2754;2755;2756;2757;2758;2759;2760
346;2761;2762;2763;2764;2765;2766;2767;2768
347;2769;2770;2771;2772;2773;2774;2775;2776
348;2777;2778;2779;2780;2781;2782;2783;2784
349;2785;2786;2787;2788;2789;2790;2791;2792
350;2793;2794;2795;2796;2797;2798;2799;2800
351;2801;2802;2803;2804;2805;2806;2807;2808
352;2809;2810;2811;2812;2813;2814;2815;2816
353;2817;2818;2819;2820;2821;2822;2823;2824
354;2825;2826;2827;2828;2829;2830;2831;2832
355;2833;2834;2835;2836;2837;2838;2839;2840
356;2841;2842;2843;2844;2845;2846;2847;2848
357;2849;2850;2851;2852;2853;2854;2855;2856
358;2857;2858;2859;2860;2861;2862;2863;2864
359;2865;2866;2867;2868;2869;2870;2871;2872
360;2873;2874;2875;2876;2877;2878;2879;2880
361;2881;2882;2883;2884;2885;2886;2887;2888
362;2889;2890;2891;2892;2893;2894;2895;2896
363;2897;2898;2899;2900;2901;2902;2903;2904
364;2905;2906;2907;2908;2909;2910;2911;2912
365;2913;2914;2915;2916;2917;2918;2919;2920
366;2921;2922;2923;2924;2925;2926;2927;2928
367;2929;2930;2931;2932;2933;2934;2935;2936
368;2937;2938;2939;2940;2941;2942;2943;2944
369;2945;2946;2947;2948;2949;2950;2951;2952
370;2953;2954;2955;2956;2957;2958;2959;2960
371;2961;2962;2963;2964;2965;2966;2967;2968
372;2969;2970;2971;2972;2973;2974;2975;2976
373;2977;2978;2979;2980;2981;2982;2983;2984
374;2985;2986;2987;2988;2989;2990;2991;2992
375;2993;2994;2995;2996;2997;2998;2999;3000
376;3001;3002;3003;3004;3005;3006;3007;3008
377;3009;3010;3011;3012;3013;3014;3015;3016
378;3017;3018;3019;3020;3021;3022;3023;3024
379;3025;3026;3027;3028;3029;3030;3031;3032
380;3033;3034;3035;3036;3037;3038;3039;3040
381;3041;3042;3043;3044;3045;3046;3047;3048
382;3049;3050;3051;3052;3053;3054;3055;3056
383;3057;3058;3059;3060;3061;3062;3063;3064
384;3065;3066;3067;3068;3069;3070;3071;3072
385;3073;3074;3075;3076;3077;3078;3079;3080
386;3081;3082;3083;3084;3085;3086;3087;3088
387;3089;3090;3091;3092;3093;3094;3095;3096
388;3097;3098;3099;3100;3101;3102;3103;3104
389;3105;3106;3107;3108;3109;3110;3111;3112
390;3113;3114;3115;3116;3117;3118;3119;3120
391;3121;3122;3123;3124;3125;3126;3127;3128
392;3129;3130;3131;3132;3133;3134;3135;3136
393;3137;3138;3139;3140;3141;3142;3143;3144
394;3145;3146;3147;3148;3149;3150;3151;3152
395;3153;3154;3155;3156;3157;3158;3159;3160
396;3161;3162;3163;3164;3165;3166;3167;3168
397;3169;3170;3171;3172;3173;3174;3175;3176
398;3177;3178;3179;3180;3181;3182;3183;3184
399;3185;3186;3187;3188;3189;3190;3191;3192
400;3193;3194;3195;3196;3197;3198;3199;3200
401;3201;3202;3203;3204;3205;3206;3207;3208
402;3209;3210;3211;3212;3213;3214;3215;3216
403;3217;3218;3219;3220;3221;3222;3223;3224
404;3225;3226;3227;3228;3229;3230;3231;3232
405;3233;3234;3235;3236;3237;3238;3239;3240
406;3241;3242;3243;3244;3245;3246;3247;3248
407;3249;3250;3251;3252;3253;3254;3255;3256
408;3257;3258;3259;3260;3261;3262;3263;3264
409;3265;3266;3267;3268;3269;3270;3271;3272
410;3273;3274;3275;3276;3277;3278;3279;3280
411;3281;3282;3283;3284;3285;3286;3287;3288
412;3289;3290;3291;3292;3293;3294;3295;3296
413;3297;3298;3299;3300;3301;3302;3303;3304
414;3305;3306;3307;3308;3309;3310;3311;3312
415;3313;3314;3315;3316;3317;3318;3319;3320
416;3321;3322;3323;3324;3325;3326;3327;3328
417;3329;3330;3331;3332;3333;3334;3335;3336
418;3337;3338;3339;3340;3341;3342;3343;3344
419;3345;3346;3347;3348;3349;3350;3351;3352
420;3353;3354;3355;3356;3357;3358;3359;3360
421;3361;3362;3363;3364;3365;3366;3367;3368
422;3369;3370;3371;3372;3373;3374;3375;3376
423;3377;3378;3379;3380;3381;3382;3383;3384
424;3385;3386;3387;3388;3389;3390;3391;3392
425;3393;3394;3395;3396;3397;3398;3399;3400
426;3401;3402;3403;3404;3405;3406;3407;3408
427;3409;3410;3411;3412;3413;3414;3415;3416
428;3417;3418;3419;3420;3421;3422;3423;3424
429;3425;3426;3427;3428;3429;3430;3431;3432
430;3433;3434;3435;3436;3437;3438;3439;3440
431;3441;3442;3443;3444;3445;3446;3447;3448
432;3449;3450;3451;3452;3453;3454;3455;3456
433;3457;3458;3459;3460;3461;3462;3463;3464
434;3465;3466;3467;3468;3469;3470;3471;3472
435;3473;3474;3475;3476;3477;3478;3479;3480
436;3481;3482;3483;3484;3485;3486;3487;3488
437;3489;3490;3491;3492;3493;3494;3495;3496
438;3497;3498;3499;3500;3501;3502;3503;3504
439;3505;3506;3507;3508;3509;3510;3511;3512
440;3513;3514;3515;3516;3517;3518;3519;3520
441;3521;3522;3523;3524;3525;3526;3527;3528
442;3529;3530;3531;3532;3533;3534;3535;3536
443;3537;3538;3539;3540;3541;3542;3543;3544
444;3545;3546;3547;3548;3549;3550;3551;3552
445;3553;3554;3555;3556;3557;3558;3559;3560
446;3561;3562;3563;3564;3565;3566;3567;3568
447;3569;3570;3571;3572;3573;3574;3575;3576
448;3577;3578;3579;3580;3581;3582;3583;3584
449;3585;3586;3587;3588;3589;3590;3591;3592
450;3593;3594;3595;3596;3597;3598;3599;3600
451;3601;3602;3603;3604;3605;3606;3607;3608
452;3609;3610;3611;3612;3613;3614;3615;3616
453;3617;3618;3619;3620;3621;3622;3623;3624
454;3625;3626;3627;3628;3629;3630;3631;3632
455;3633;3634;3635;3636;3637;3638;3639;3640
456;3641;3642;3643;3644;3645;3646;3647;3648
457;3649;3650;3651;3652;3653;3654;3655;3656
458;3657;3658;3659;3660;3661;3662;3663;3664
459;3665;3666;3667;3668;3669;3670;3671;3672
460;3673;3674;3675;3676;3677;3678;3679;3680
461;3681;3682;3683;3684;3685;3686;3687;3688
462;3689;3690;3691;3692;3693;3694;3695;3696
463;3697;3698;3699;3700;3701;3702;3703;3704
464;3705;3706;3707;3708;3709;3710;3711;3712
465;3713;3714;3715;3716;3717;3718;3719;3720
466;3721;3722;3723;3724;3725;3726;3727;3728
467;3729;3730;3731;3732;3733;3734;3735;3736
468;3737;3738;3739;3740;3741;3742;3743;3744
469;3745;3746;3747;3748;3749;3750;3751;3752
470;3753;3754;3755;3756;3757;3758;3759;3760
471;3761;3762;3763;3764;3765;3766;3767;3768
472;3769;3770;3771;3772;3773;3774;3775;3776
473;3777;3778;3779;3780;3781;3782;3783;3784
474;3785;3786;3787;3788;3789;3790;3791;3792
475;3793;3794;3795;3796;3797;3798;3799;3800
476;3801;3802;3803;3804;3805;3806;3807;3808
477;3809;3810;3811;3812;3813;3814;3815;3816
478;3817;3818;3819;3820;3821;3822;3823;3824
479;3825;3826;3827;3828;3829;3830;3831;3832
480;3833;3834;3835;3836;3837;3838;3839;3840
481;3841;3842;3843;3844;3845;3846;3847;3848
482;3849;3850;3851;3852;3853;3854;3855;3856
483;3857;3858;3859;3860;3861;3862;3863;3864
484;3865;3866;3867;3868;3869;3870;3871;3872
485;3873;3874;3875;3876;3877;3878;3879;3880
486;3881;3882;3883;3884;3885;3886;3887;3888
487;3889;3890;3891;3892;3893;3894;3895;3896
488;3897;3898;3899;3900;3901;3902;3903;3904
489;3905;3906;3907;3908;3909;3910;3911;3912
490;3913;3914;3915;3916;3917;3918;3919;3920
491;3921;3922;3923;3924;3925;3926;3927;3928
492;3929;3930;3931;3932;3933;3934;3935;3936
493;3937;3938;3939;3940;3941;3942;3943;3944
494;3945;3946;3947;3948;3949;3950;3951;3952
495;3953;3954;3955;3956;3957;3958;3959;3960
496;3961;3962;3963;3964;3965;3966;3967;3968
497;3969;3970;3971;3972;3973;3974;3975;3976
498;3977;3978;3979;3980;3981;3982;3983;3984
499;3985;3986;3987;3988;3989;3990;3991;3992
500;3993;3994;3995;3996;3997;3998;3999;4000
501;4001;4002;4003;4004;4005;4006;4007;4008
502;4009;4010;4011;4012;4013;4014;4015;4016
503;4017;4018;4019;4020;4021;4022;4023;4024
504;4025;4026;4027;4028;4029;4030;4031;4032
505;4033;4034;4035;4036;4037;4038;4039;4040
506;4041;4042;4043;4044;4045;4046;4047;4048
507;4049;4050;4051;4052;4053;4054;4055;4056
508;4057;4058;4059;4060;4061;4062;4063;4064
509;4065;4066;4067;4068;4069;4070;4071;4072
510;4073;4074;4075;4076;4077;4078;4079;4080
511;4081;4082;4083;4084;4085;4086;4087;4088
512;4089;4090;4091;4092;4093;4094;4095;4096
513;4097;4098;4099;4100;4101;4102;4103;4104
514;4105;4106;4107;4108;4109;4110;4111;4112
515;4113;4114;4115;4116;4117;4118;4119;4120
516;4121;4122;4123;4124;4125;4126;4127;4128
517;4129;4130;4131;4132;4133;4134;4135;4136
518;4137;4138;4139;4140;4141;4142;4143;4144
519;4145;4146;4147;4148;4149;4150;4151;4152
520;4153;4154;4155;4156;4157;4158;4159;4160
521;4161;4162;4163;4164;4165;4166;4167;4168
522;4169;4170;4171;4172;4173;4174;4175;4176
523;4177;4178;4179;4180;4181;4182;4183;4184
524;4185;4186;4187;4188;4189;4190;4191;4192
525;4193;4194;4195;4196;4197;4198;4199;4200
526;4201;4202;4203;4204;4205;4206;4207;4208
527;4209;4210;4211;4212;4213;4214;4215;4216
528;4217;4218;4219;4220;4221;4222;4223;4224
529;4225;4226;4227;4228;4229;4230;4231;4232
530;4233;4234;4235;4236;4237;4238;4239;4240
531;4241;4242;4243;4244;4245;4246;4247;4248
532;4249;4250;4251;4252;4253;4254;4255;4256
533;4257;4258;4259;4260;4261;4262;4263;4264
534;4265;4266;4267;4268;4269;4270;4271;4272
535;4273;4274;4275;4276;4277;4278;4279;4280
536;4281;4282;4283;4284;4285;4286;4287;4288
537;4289;4290;4291;4292;4293;4294;4295;4296
538;4297;4298;4299;4300;4301;4302;4303;4304
539;4305;4306;4307;4308;4309;4310;4311;4312
540;4313;4314;4315;4316;4317;4318;4319;4320
541;4321;4322;4323;4324;4325;4326;4327;4328
542;4329;4330;4331;4332;4333;4334;4335;4336
543;4337;4338;4339;4340;4341;4342;4343;4344
544;4345;4346;4347;4348;4349;4350;4351;4352
545;4353;4354;4355;4356;4357;4358;4359;4360
546;4361;4362;4363;4364;4365;4366;4367;4368
547;4369;4370;4371;4372;4373;4374;4375;4376
548;4377;4378;4379;4380;4381;4382;4383;4384
549;4385;4386;4387;4388;4389;4390;4391;4392
550;4393;4394;4395;4396;4397;4398;4399;4400
551;4401;4402;4403;4404;4405;4406;4407;4408
552;4409;4410;4411;4412;4413;4414;4415;4416
553;4417;4418;4419;4420;4421;4422;4423;4424
554;4425;4426;4427;4428;4429;4430;4431;4432
555;4433;4434;4435;4436;4437;4438;4439;4440
556;4441;4442;4443;4444;4445;4446;4447;4448
557;4449;4450;4451;4452;4453;4454;4455;4456
558;4457;4458;4459;4460;4461;4462;4463;4464
559;4465;4466;4467;4468;4469;4470;4471;4472
560;4473;4474;4475;4476;4477;4478;4479;4480
561;4481;4482;4483;4484;4485;4486;4487;4488
562;4489;4490;4491;4492;4493;4494;4495;4496
563;4497;4498;4499;4500;4501;4502;4503;4504
564;4505;4506;4507;4508;4509;4510;4511;4512
565;4513;4514;4515;4516;4517;4518;4519;4520
566;4521;4522;4523;4524;4525;4526;4527;4528
567;4529;4530;4531;4532;4533;4534;4535;4536
568;4537;4538;4539;4540;4541;4542;4543;4544
569;4545;4546;4547;4548;4549;4550;4551;4552
570;4553;4554;4555;4556;4557;4558;4559;4560
571;4561;4562;4563;4564;4565;4566;4567;4568
572;4569;4570;4571;4572;4573;4574;4575;4576
573;4577;4578;4579;4580;4581;4582;4583;4584
574;4585;4586;4587;4588;4589;4590;4591;4592
575;4593;4594;4595;4596;4597;4598;4599;4600
576;4601;4602;4603;4604;4605;4606;4607;4608
577;4609;4610;4611;4612;4613;4614;4615;4616
578;4617;4618;4619;4620;4621;4622;4623;4624
579;4625;4626;4627;4628;4629;4630;4631;4632
580;4633;4634;4635;4636;4637;4638;4639;4640
581;4641;4642;4643;4644;4645;4646;4647;4648
582;4649;4650;4651;4652;4653;4654;4655;4656
583;4657;4658;4659;4660;4661;4662;4663;4664
584;4665;4666;4667;4668;4669;4670;4671;4672
585;4673;4674;4675;4676;4677;4678;4679;4680
586;4681;4682;4683;4684;4685;4686;4687;4688
587;4689;4690;4691;4692;4693;4694;4695;4696
588;4697;4698;4699;4700;4701;4702;4703;4704
589;4705;4706;4707;4708;4709;4710;4711;4712
590;4713;4714;4715;4716;4717;4718;4719;4720
591;4721;4722;4723;4724;4725;4726;4727;4728
592;4729;4730;4731;4732;4733;4734;4735;4736
593;4737;4738;4739;4740;4741;4742;4743;4744
594;4745;4746;4747;4748;4749;4750;4751;4752
595;4753;4754;4755;4756;4757;4758;4759;4760
596;4761;4762;4763;4764;4765;4766;4767;4768
597;4769;4770;4771;4772;4773;4774;4775;4776
598;4777;4778;4779;4780;4781;4782;4783;4784
599;4785;4786;4787;4788;4789;4790;4791;4792
600;4793;4794;4795;4796;4797;4798;4799;4800
601;4801;4802;4803;4804;4805;4806;4807;4808
602;4809;4810;4811;4812;4813;4814;4815;4816
603;4817;4818;4819;4820;4821;4822;4823;4824
604;4825;4826;4827;4828;4829;4830;4831;4832
605;4833;4834;4835;4836;4837;4838;4839;4840
606;4841;4842;4843;4844;4845;4846;4847;4848
607;4849;4850;4851;4852;4853;4854;4855;4856
608;4857;4858;4859;4860;4861;4862;4863;4864
609;4865;4866;4867;4868;4869;4870;4871;4872
610;4873;4874;4875;4876;4877;4878;4879;4880
611;4881;4882;4883;4884;4885;4886;4887;4888
612;4889;4890;4891;4892;4893;4894;4895;4896
613;4897;4898;4899;4900;4901;4902;4903;4904
614;4905;4906;4907;4908;4909;4910;4911;4912
615;4913;4914;4915;4916;4917;4918;4919;4920
616;4921;4922;4923;4924;4925;4926;4927;4928
617;4929;4930;4931;4932;4933;4934;4935;4936
618;4937;4938;4939;4940;4941;4942;4943;4944
619;4945;4946;4947;4948;4949;4950;4951;4952
620;4953;4954;4955;4956;4957;4958;4959;4960
621;4961;4962;4963;4964;4965;4966;4967;4968
622;4969;4970;4971;4972;4973;4974;4975;4976
623;4977;4978;4979;4980;4981;4982;4983;4984
624;4985;4986;4987;4988;4989;4990;4991;4992
625;4993;4994;4995;4996;4997;4998;4999;5000
626;5001;5002;5003;5004;5005;5006;5007;5008
627;5009;5010;5011;5012;5013;5014;5015;5016
628;5017;5018;5019;5020;5021;5022;5023;5024
629;5025;5026;5027;5028;5029;5030;5031;5032
630;5033;5034;5035;5036;5037;5038;5039;5040
631;5041;5042;5043;5044;5045;5046;5047;5048
632;5049;5050;5051;5052;5053;5054;5055;5056
633;5057;5058;5059;5060;5061;5062;5063;5064
634;5065;5066;5067;5068;5069;5070;5071;5072
635;5073;5074;5075;5076;5077;5078;5079;5080
636;5081;5082;5083;5084;5085;5086;5087;5088
637;5089;5090;5091;5092;5093;5094;5095;5096
638;5097;5098;5099;5100;5101;5102;5103;5104
639;5105;5106;5107;5108;5109;5110;5111;5112
640;5113;5114;5115;5116;5117;5118;5119;5120
641;5121;5122;5123;5124;5125;5126;5127;5128
642;5129;5130;5131;5132;5133;5134;5135;5136
643;5137;5138;5139;5140;5141;5142;5143;5144
644;5145;5146;5147;5148;5149;5150;5151;5152
645;5153;5154;5155;5156;5157;5158;5159;5160
646;5161;5162;5163;5164;5165;5166;5167;5168
647;5169;5170;5171;5172;5173;5174;5175;5176
648;5177;5178;5179;5180;5181;5182;5183;5184
649;5185;5186;5187;5188;5189;5190;5191;5192
650;5193;5194;5195;5196;5197;5198;5199;5200
651;5201;5202;5203;5204;5205;5206;5207;5208
652;5209;5210;5211;5212;5213;5214;5215;5216
653;5217;5218;5219;5220;5221;5222;5223;5224
654;5225;5226;5227;5228;5229;5230;5231;5232
655;5233;5234;5235;5236;5237;5238;5239;5240
656;5241;5242;5243;5244;5245;5246;5247;5248
657;5249;5250;5251;5252;5253;5254;5255;5256
658;5257;5258;5259;5260;5261;5262;5263;5264
659;5265;5266;5267;5268;5269;5270;5271;5272
660;5273;5274;5275;5276;5277;5278;5279;5280
661;5281;5282;5283;5284;5285;5286;5287;5288
662;5289;5290;5291;5292;5293;5294;5295;5296
663;5297;5298;5299;5300;5301;5302;5303;5304
664;5305;5306;5307;5308;5309;5310;5311;5312
665;5313;5314;5315;5316;5317;5318;5319;5320
666;5321;5322;5323;5324;5325;5326;5327;5328
667;5329;5330;5331;5332;5333;5334;5335;5336
668;5337;5338;5339;5340;5341;5342;5343;5344
669;5345;5346;5347;5348;5349;5350;5351;5352
670;5353;5354;5355;5356;5357;5358;5359;5360
671;5361;5362;5363;5364;5365;5366;5367;5368
672;5369;5370;5371;5372;5373;5374;5375;5376
673;5377;5378;5379;5380;5381;5382;5383;5384
674;5385;5386;5387;5388;5389;5390;5391;5392
675;5393;5394;5395;5396;5397;5398;5399;5400
676;5401;5402;5403;5404;5405;5406;5407;5408
677;5409;5410;5411;5412;5413;5414;5415;5416
678;5417;5418;5419;5420;5421;5422;5423;5424
679;5425;5426;5427;5428;5429;5430;5431;5432
680;5433;5434;5435;5436;5437;5438;5439;5440
681;5441;5442;5443;5444;5445;5446;5447;5448
682;5449;5450;5451;5452;5453;5454;5455;5456
683;5457;5458;5459;5460;5461;5462;5463;5464
684;5465;5466;5467;5468;5469;5470;5471;5472
685;5473;5474;5475;5476;5477;5478;5479;5480
686;5481;5482;5483;5484;5485;5486;5487;5488
687;5489;5490;5491;5492;5493;5494;5495;5496
688;5497;5498;5499;5500;5501;5502;5503;5504
689;5505;5506;5507;5508;5509;5510;5511;5512
690;5513;5514;5515;5516;5517;5518;5519;5520
691;5521;5522;5523;5524;5525;5526;5527;5528
692;5529;5530;5531;5532;5533;5534;5535;5536
693;5537;5538;5539;5540;5541;5542;5543;5544
694;5545;5546;5547;5548;5549;5550;5551;5552
695;5553;5554;5555;5556;5557;5558;5559;5560
696;5561;5562;5563;5564;5565;5566;5567;5568
697;5569;5570;5571;5572;5573;5574;5575;5576
698;5577;5578;5579;5580;5581;5582;5583;5584
699;5585;5586;5587;5588;5589;5590;5591;5592
700;5593;5594;5595;5596;5597;5598;5599;5600
701;5601;5602;5603;5604;5605;5606;5607;5608
702;5609;5610;5611;5612;5613;5614;5615;5616
703;5617;5618;5619;5620;5621;5622;5623;5624
704;5625;5626;5627;5628;5629;5630;5631;5632
705;5633;5634;5635;5636;5637;5638;5639;5640
706;5641;5642;5643;5644;5645;5646;5647;5648
707;5649;5650;5651;5652;5653;5654;5655;5656
708;5657;5658;5659;5660;5661;5662;5663;5664
709;5665;5666;5667;5668;5669;5670;5671;5672
710;5673;5674;5675;5676;5677;5678;5679;5680
711;5681;5682;5683;5684;5685;5686;5687;5688
712;5689;5690;5691;5692;5693;5694;5695;5696
713;5697;5698;5699;5700;5701;5702;5703;5704
714;5705;5706;5707;5708;5709;5710;5711;5712
715;5713;5714;5715;5716;5717;5718;5719;5720
716;5721;5722;5723;5724;5725;5726;5727;5728
717;5729;5730;5731;5732;5733;5734;5735;5736
718;5737;5738;5739;5740;5741;5742;5743;5744
719;5745;5746;5747;5748;5749;5750;5751;5752
720;5753;5754;5755;5756;5757;5758;5759;5760
721;5761;5762;5763;5764;5765;5766;5767;5768
722;5769;5770;5771;5772;5773;5774;5775;5776
723;5777;5778;5779;5780;5781;5782;5783;5784
724;5785;5786;5787;5788;5789;5790;5791;5792
725;5793;5794;5795;5796;5797;5798;5799;5800
726;5801;5802;5803;5804;5805;5806;5807;5808
727;5809;5810;5811;5812;5813;5814;5815;5816
728;5817;5818;5819;5820;5821;5822;5823;5824
729;5825;5826;5827;5828;5829;5830;5831;5832
730;5833;5834;5835;5836;5837;5838;5839;5840
731;5841;5842;5843;5844;5845;5846;5847;5848
732;5849;5850;5851;5852;5853;5854;5855;5856
733;5857;5858;5859;5860;5861;5862;5863;5864
734;5865;5866;5867;5868;5869;5870;5871;5872
735;5873;5874;5875;5876;5877;5878;5879;5880
736;5881;5882;5883;5884;5885;5886;5887;5888
737;5889;5890;5891;5892;5893;5894;5895;5896
738;5897;5898;5899;5900;5901;5902;5903;5904
739;5905;5906;5907;5908;5909;5910;5911;5912
740;5913;5914;5915;5916;5917;5918;5919;5920
741;5921;5922;5923;5924;5925;5926;5927;5928
742;5929;5930;5931;5932;5933;5934;5935;5936
743;5937;5938;5939;5940;5941;5942;5943;5944
744;5945;5946;5947;5948;5949;5950;5951;5952
745;5953;5954;5955;5956;5957;5958;5959;5960
746;5961;5962;5963;5964;5965;5966;5967;5968
747;5969;5970;5971;5972;5973;5974;5975;5976
748;5977;5978;5979;5980;5981;5982;5983;5984
749;5985;5986;5987;5988;5989;5990;5991;5992
750;5993;5994;5995;5996;5997;5998;5999;6000
